species_name,state,cation,cat_num,oxy_num,T_min,T_max,dH298_R,dG_A,dG_B,dG_C,dG_D,dG_E,Ref
SiO2(l),l,Si,1,2,1800,3000,-108.565164277223,3.56984832846972,6.50208372215561,-0.885290785836491,0.0548103280961078,0.000912865784425249,O-038
Al2O3(l),l,Al,2,3,2500,3000,-194.909409598118,4.79573284777208,9.72240939339925,-0.0815698102801247,-0.242420426738831,0.0296006639702302,Al-100
MgO(l),l,Mg,1,1,2200,3000,-64.0581387481319,5.69705538489647,3.2292016524897,0.048534012484968,-0.103832465928293,0.0122351971498713,Mg-009
CaO(l),l,Ca,1,1,2200,3000,-67.0319929989732,6.03788480294296,5.37308050194801,-0.928425922914703,0.102778238645428,-0.00483084441066096,Ca-028
SiO2(cr),s,Si,1,2,1000,1996,-109.53,1.937,8.59,-1.935,0.225,0,LAM1987
Na2O(l),l,Na,2,1,825,3000,-50.17,4.82,19.292,-5.267,0.623,0,LAM1984
K2O(l),l,K,2,1,1190,3000,-43.58,0.8,18.889,-4.532,0.467,0,LAM1984
FeO(l),l,Fe,1,1,1000,5000,-30.01,6.72,6.588,-1.248,0.150,-0.007697,JANAF
TiO2(l),l,Ti,1,2,1500,3000,-107.530100389706,6.93000608750468,6.19040408780147,-0.261882901980972,-0.134854424412715,0.0206704756752248,O-044
Cr2O3(l),l,Cr,2,3,1900,3000,-122.483081203024,12.1759221002617,11.862649354979,-1.6559818331697,0.117461993463336,-0.000482500621390458,Cr-015
V2O3(l),l,V,2,3,1500,3000,-131.464178771295,12.7984408682205,15.7012635413964,-3.18957608585823,0.420979101959005,-0.0242973638300596,O-063
NbO2(l),l,Nb,1,2,1500,3000,-85.4982495755085,7.184739151057,9.85735655010328,-2.11399649945409,0.297926897960544,-0.0186305252415757,Nb-013
NbO2(l),l,Nb,1,2,1200,1500,-85.4982495755085,9.07864745961028,4.97625827684788,2.6320571592008,-1.76477552994492,0.319304479046566,Nb-013
