species_name,state,T_interval,cation,cat_num,oxy_num,T_min,T_max,A,B,C,D,E,F,G,H,Ref
Na(g),g,1,Na,1,0,1500,3000,18.8762053544448,2.52088788540108,-1.26456198109127,0.228920243939654,0.454260924482102,102.567243213192,177.080259329978,0,Na-005
K(g),g,1,K,1,0,1500,3000,23.2225825389066,-1.46949870915931,-0.209086598058643,0.227127377608987,-1.15615530546457,79.9795964620269,186.434225789939,0,K-005
SiO(g),g,1,Si,1,1,1500,3000,36.4119821984034,1.04807007073742,-0.277821905614034,0.0329547105826861,-1.50836241511607,-115.302519917527,249.638293433987,0,O-012
Fe(g),g,1,Fe,1,0,1500,3000,12.1267253823202,5.48015604117843,-0.358438243734011,0.00773262395768325,5.99990667075674,423.493650575767,207.638927804034,0,Fe-008
FeO(g),g,1,Fe,1,1,1500,3000,42.8013434338505,-6.00047689664157,2.5049378608087,-0.267681315066306,-2.47380852536239,232.555024665501,287.224894700937,0,Fe-021
Mg(g),g,1,Mg,1,0,1500,3000,16.9029276704961,4.28862059869123,-1.77940929149678,0.26364264993394,1.26997089493196,144.417437840633,170.93105040345,0,Mg-005
MgO(g),g,1,Mg,1,1,1500,3000,84.5615392920401,-39.9539558524929,12.5417947129687,-1.35076109091033,3.41909300245036,23.9638187400695,299.538110304608,0,Mg-011
SiO2(g),g,1,Si,1,2,1500,3000,60.9505911410211,1.06657540285021,-0.310800593307819,0.0325825075422984,-3.4921269957464,-332.900270907483,289.069225323505,0,O-040
O(g),g,1,,0,1,1500,3000,20.8710403863279,0.0475462930621931,-0.0951215252036018,0.0286900804048087,0.0441827365424194,243.209666727806,186.804587640047,0,O-001
AlO(g),g,1,Al,1,1,1500,3000,-28.7324658627173,66.6542550330647,-20.0960745972356,2.03020606936304,18.8969842104761,111.623420786176,211.656723535302,0,Al-074
AlO2(g),g,1,Al,1,2,1500,3000,62.6425079931831,-0.050581559416603,-0.14988986839243,0.0584179281211889,-2.14659122249939,-110.723218291127,318.926466749478,0,Al-077
Al2O(g),g,1,Al,2,1,1500,3000,61.8795913898929,0.449596676889508,-0.166957608485249,0.0228272318768516,-1.51292423550855,-168.018482803236,320.418970199846,0,Al-092
Al2O2(g),g,1,Al,2,2,1500,3000,82.9557202259453,0.154026857997668,-0.048143355744467,0.00540454688232507,-1.80399237678982,-424.954719994892,372.210232210699,0,Al-094
Na2(g),g,1,Na,2,0,1500,3000,114.270373223999,-64.6710761304695,14.9460175595044,-0.633466531474136,-27.4888020163301,55.3920758296594,320.885928881869,0,Na-011
NaO(g),g,1,Na,1,1,1500,3000,37.545355661658,0.705242254329388,0.0473995668459899,-0.00594986564987697,-0.323066258830036,71.4965365373439,272.848582421802,0,Na-008
K2(g),g,1,K,2,0,1500,3000,47.1908076044921,-20.4546626783652,5.94945966266428,-0.617577571261286,5.58922971917201,117.123033880735,316.361556209021,0,K-011
KO(g),g,1,K,1,1,1500,3000,37.3675220352868,0.99705529121469,-0.0173194740119977,0.00214452067683188,-0.158663125579936,59.413792194973,282.06987478334,0,K-008
Si(g),g,1,Si,1,0,1500,3000,14.4889523618949,5.06362118981608,-0.94222064396835,0.0492815953105899,2.59173705908879,450.742184208552,190.47075698291,0,Si-005
Al(g),g,1,Al,1,0,1500,3000,20.4443256460269,0.351835607960624,-0.134759610563238,0.0182040082160902,0.174754109865112,324.00353289948,189.77215774093,0,Al-005
CaO(g),g,1,Ca,1,1,1500,3000,-16.968728897323,8.22303508778629,17.6958191859142,-4.01069226461288,42.0656471347268,117.60471408987,266.402966800775,0,Ca-030
Ca(g),g,1,Ca,1,0,1500,3000,17.4342356816322,7.0625032442786,-4.70987915504956,1.03919377491234,-0.330634794571696,172.448601824973,174.861996253493,0,Ca-006
O2(g),g,1,,0,2,1500,3000,36.968440194934,-1.34047840048787,1.35815923534018,-0.188856387311611,-1.8717368315994,-15.8826786740787,243.357524494403,0,O-029
Ti(g),g,1,Ti,1,0,1500,3000,10.0661996806594,5.82534834191615,0.530542404048189,-0.0925049170339393,5.72311097739915,481.625594795762,204.091081436182,0,Ti-006
TiO(g),g,1,Ti,1,1,1500,3000,45.616440929839,-6.33050534122243,1.83029413000802,-0.0865613917047902,-3.66437669368546,33.0210153992835,280.075753074033,0,O-022
TiO2(g),g,1,Ti,1,2,1500,3000,56.2620168365324,2.20109323117342,-0.975333725383915,0.158125565822261,-1.91203521645953,-327.928721571506,318.9531741048,0,O-046
Al2(g),g,1,Al,2,0,1500,3000,41.4641770988983,-3.21001505971137,1.50493440323608,-0.152121901222905,2.13436953069893,478.271428026823,287.60065236297,0,Al-080
Si2(g),g,1,Si,2,0,1500,3000,58.2792438462564,-14.6353121800117,4.62010131207873,-0.493086014545166,-3.45462946509916,562.115328455313,287.691032204308,0,Si-008
Si3(g),g,1,Si,3,0,1500,3000,73.2557913903996,-12.7630341956534,5.13967535350126,-0.569882904030281,-3.75946074912622,605.773242237109,348.104227511193,0,Si-009
Cr(g),g,1,Cr,1,0,1500,2900,10.9857317681379,-0.694257812807315,4.94431732633208,-0.872820997681012,8.21235885430389,407.975119063795,201.87124536251,0,Cr-005
CrO(g),g,1,Cr,1,1,1500,3000,36.936853299373,1.00918511762481,-0.339041536877262,0.0662173642535523,-0.968630710487978,174.494668063134,279.562918497405,0,Cr-010
CrO2(g),g,1,Cr,1,2,1500,3000,57.6258955217419,0.442847008548466,-0.132210052078063,0.0143057001937586,-2.52634606287565,-99.5233898856902,328.411421954614,0,Cr-011
CrO3(g),g,1,Cr,1,3,1500,3000,82.5125897766882,0.46979828662996,-0.135223457493289,0.0140864027117424,-4.09684423056837,-329.260732309549,347.976679790403,0,Cr-012
V(g),g,1,V,1,0,1500,3000,40.4734320023549,-14.7252953136433,4.19316869874628,-0.274112006772297,-4.57039547472753,493.837522830328,222.693791892025,0,V-005
VO(g),g,1,V,1,1,1500,3000,43.5983995995752,-5.5795888952999,1.73409242891195,-0.0941693699947594,-3.6966688748321,106.731188392487,274.753554409443,0,O-026
VO2(g),g,1,V,1,2,1500,3000,57.6602010632828,0.423386054956679,-0.127639520892688,0.0138671146882865,-2.28572431297795,-256.316771283647,325.160144614881,0,O-076
Nb(g),g,1,Nb,1,0,1500,3000,40.5397920063068,-19.7958276787059,7.86033507471898,-0.856633951025123,-2.00802491553811,717.552498809248,235.701881866333,0,Nb-005
NbO(g),g,1,Nb,1,1,1500,3000,38.2063419640275,-0.106489773229331,-0.223265697771908,0.104713087955262,-1.78273238854477,183.041656322099,279.281709809099,0,Nb-011
NbO2(g),g,1,Nb,1,2,1500,3000,57.6602010632828,0.423386054956679,-0.127639520892688,0.0138671146882865,-2.28572431297795,-223.681771283647,332.812644614881,0,Nb-015
Mn(g),g,1,Mn,1,0,1500,3000,13.8279060356277,8.62598742006239,-4.05615352726912,0.687760446100895,1.85666549643956,282.723252879357,192.954590862589,0,Mn-005
Ni(g),g,1,Ni,1,0,1500,3000,29.8803168371626,-5.25956252193312,1.20048173325857,-0.0877457736156427,-0.863257204089905,418.857730734057,215.957854894239,0,Ni-005
Co(g),g,1,Co,1,0,1500,3000,24.3334628692967,4.40171022820924,-2.20233209499101,0.319385312865899,-0.870162987301762,417.933016323793,206.319688128796,0,Co-005
Na2O(g),g,1,Na,2,1,1500,3000,62.3122360284444,0.0358585088141135,-0.010627736348379,0.00112636263390222,-0.636206056286848,-52.3294736908968,332.970444767634,0,NG-0905
K2O(g),g,1,K,2,1,1500,3000,58.1785142929479,0.0178227392700714,-0.00533591216133724,0.000570401564863635,-0.429731735553831,-77.3315912654,352.391738925505,0,NG-0760
Na(g),g,2,Na,1,0,500,1500,20.7596916845955,0.0646590506147343,-0.0570657970383071,0.0171625483627064,0.00153306455944803,101.112872842408,178.779967614836,0,Na-005
K(g),g,2,K,1,0,500,1500,20.6407360574383,0.377526536747977,-0.356609942934721,0.116328633055553,0.0078042052278313,82.8568023797579,185.259901964079,0,K-005
SiO(g),g,2,Si,1,1,500,1500,27.2428210122105,16.8403987898231,-10.4805006243575,2.36747692966201,-0.244105117998072,-109.949238257327,238.800079329272,0,O-012
Fe(g),g,2,Fe,1,0,500,1500,30.8977969703203,-15.8868396423793,9.03163011110195,-1.52447923327933,-0.0327873894976325,406.728480436511,221.897560933349,0,Fe-008
FeO(g),g,2,Fe,1,1,500,1500,33.0448971993673,8.02341685348103,-5.27511033515255,1.30584201078748,-0.410329289154638,239.549307913092,277.585837301342,0,Fe-021
Mg(g),g,2,Mg,1,0,500,1500,20.7860000000005,-9.1678193479649e-13,6.72122431993386e-13,-1.72694415288428e-13,-3.89559683133851e-14,140.90264,173.801955501623,0,Mg-005
MgO(g),g,2,Mg,1,1,500,1500,-115.708372391751,381.37842346485,-288.67598320515,71.1320869048877,6.67834884796493,99.6681239089853,6.7870752756096,0,Mg-011
SiO2(g),g,2,Si,1,2,500,1500,42.7726545933492,31.7060425528122,-19.8150168804533,4.45020540433588,-0.789260151800103,-321.950314381941,268.053012120284,0,O-040
O(g),g,2,,0,1,500,1500,20.9980663998305,-0.35355994660906,0.224946304521422,-0.050931374306609,0.096467854795473,243.245902883371,187.0960790533,0,O-001
AlO(g),g,2,Al,1,1,500,1500,41.494920523953,-13.7385409586017,12.6964680726383,-2.29369531575624,-0.942592227101885,52.0778837419867,267.334707627198,0,Al-074
AlO2(g),g,2,Al,1,2,500,1500,55.4825422617475,11.7467461229154,-7.63592410121201,1.76673446153304,-0.918055817823022,-106.176728979343,310.906438807568,0,Al-077
Al2O(g),g,2,Al,2,1,500,1500,55.9704708060926,10.8153759192679,-6.98051634985379,1.60502990821239,-0.716192891030442,-164.622485574143,313.328422994764,0,Al-092
Al2O2(g),g,2,Al,2,2,500,1500,79.3654375896847,6.61431866246738,-4.37919206953888,1.02752348734091,-1.35993069936139,-422.962401666606,367.796551274218,0,Al-094
Na2(g),g,2,Na,2,0,500,1500,21.4678438688517,38.481374585638,-26.2106927238134,4.71581040989606,0.897976434337175,137.006882164343,250.377817326796,0,Na-011
NaO(g),g,2,Na,1,1,500,1500,37.0762125356554,1.40964153681053,-0.367394956990664,0.0832987837427049,-0.222668293984475,71.8281151711605,272.370631078645,0,Na-008
K2(g),g,2,K,2,0,500,1500,25.9274827988071,46.1046259148063,-50.0641211483149,14.1721764422319,0.11200383798536,114.781591459428,270.302084247742,0,K-011
KO(g),g,2,K,1,1,500,1500,37.2490083512681,1.24333934075786,-0.196027779943931,0.0460489088314396,-0.151144575717544,59.4650688282014,281.901802493201,0,K-008
Si(g),g,2,Si,1,0,500,1500,21.4850100550643,-1.4901458887992,0.884189020200785,0.00144383305815661,0.0885141580016462,443.958024695125,194.907595814745,0,Si-005
Al(g),g,2,Al,1,0,500,1500,20.7919580391615,-0.0249775842937154,0.0237028265719466,-0.00689229642621604,0.0526031363649728,323.677895437364,190.019086441841,0,Al-005
CaO(g),g,2,Ca,1,1,500,1500,29.2424837279953,21.9410333957328,-22.0953270558895,8.2746421136726,-0.146249143327817,33.9263629599147,248.649879109098,0,Ca-030
Ca(g),g,2,Ca,1,0,500,1500,20.6966787750482,0.227984468699528,-0.210719653877343,0.0670026255650611,0.00492730937492451,171.636401235236,179.897608042661,0,Ca-006
O2(g),g,2,,0,2,500,1500,21.5784798494751,24.9873569037532,-15.332266304837,3.53820477825075,0.101759745988703,-7.04169585033391,225.128058070067,0,O-029
Na2O(g),g,2,Na,2,1,500,1500,61.0763727506483,2.23444355951866,-1.47204479564278,0.343600858864468,-0.476340952227051,-51.6319133923909,331.467976262171,0,NG-0905
K2O(g),g,2,K,2,1,500,1500,57.5449451793604,1.15380823568488,-0.765632733224107,0.179792398342238,-0.349195304833114,-76.9770430537226,351.616253406096,0,NG-0760
