rock,species,T_K,log10_x,log10_x_uncertainty_dex,method_class,log10_p_bar,pressure_method_class,source_locator,pressure_source_locator
tho,Na,1750,-0.197,0.05,digitized_figure,-5.056181,derived_table7,"Schaefer & Fegley (2004), Fig. 10, panel a, p. 227","Schaefer & Fegley (2004), Table 7, p. 226"
tho,Na,1875,-0.197,0.05,digitized_figure,-4.417666,derived_table7,"Schaefer & Fegley (2004), Fig. 10, panel a, p. 227","Schaefer & Fegley (2004), Table 7, p. 226"
tho,Na,1900,-0.197,0.05,digitized_figure,-4.300045,derived_table7,"Schaefer & Fegley (2004), Fig. 10, panel a, p. 227","Schaefer & Fegley (2004), Table 7, p. 226"
tho,Na,2000,-0.201,0.05,digitized_figure,-3.862692,derived_table7,"Schaefer & Fegley (2004), Fig. 10, panel a, p. 227","Schaefer & Fegley (2004), Table 7, p. 226"
tho,Na,2125,-0.212,0.05,digitized_figure,-3.380899,derived_table7,"Schaefer & Fegley (2004), Fig. 10, panel a, p. 227","Schaefer & Fegley (2004), Table 7, p. 226"
tho,Na,2250,-0.231,0.05,digitized_figure,-2.961332,derived_table7,"Schaefer & Fegley (2004), Fig. 10, panel a, p. 227","Schaefer & Fegley (2004), Table 7, p. 226"
tho,Na,2375,-0.255,0.05,digitized_figure,-2.593479,derived_table7,"Schaefer & Fegley (2004), Fig. 10, panel a, p. 227","Schaefer & Fegley (2004), Table 7, p. 226"
tho,O2,1750,-0.797,0.05,digitized_figure,-5.656032,derived_table7,"Schaefer & Fegley (2004), Fig. 10, panel a, p. 227","Schaefer & Fegley (2004), Table 7, p. 226"
tho,O2,1875,-0.805,0.05,digitized_figure,-5.024969,derived_table7,"Schaefer & Fegley (2004), Fig. 10, panel a, p. 227","Schaefer & Fegley (2004), Table 7, p. 226"
tho,O2,1900,-0.805,0.05,digitized_figure,-4.907348,derived_table7,"Schaefer & Fegley (2004), Fig. 10, panel a, p. 227","Schaefer & Fegley (2004), Table 7, p. 226"
tho,O2,2000,-0.808,0.05,digitized_figure,-4.469995,derived_table7,"Schaefer & Fegley (2004), Fig. 10, panel a, p. 227","Schaefer & Fegley (2004), Table 7, p. 226"
tho,O2,2125,-0.816,0.05,digitized_figure,-3.984476,derived_table7,"Schaefer & Fegley (2004), Fig. 10, panel a, p. 227","Schaefer & Fegley (2004), Table 7, p. 226"
tho,O2,2250,-0.820,0.05,digitized_figure,-3.550005,derived_table7,"Schaefer & Fegley (2004), Fig. 10, panel a, p. 227","Schaefer & Fegley (2004), Table 7, p. 226"
tho,O2,2375,-0.827,0.05,digitized_figure,-3.165387,derived_table7,"Schaefer & Fegley (2004), Fig. 10, panel a, p. 227","Schaefer & Fegley (2004), Table 7, p. 226"
tho,O,1750,-2.108,0.05,digitized_figure,-6.966354,derived_table7,"Schaefer & Fegley (2004), Fig. 10, panel a, p. 227","Schaefer & Fegley (2004), Table 7, p. 226"
tho,O,1875,-1.924,0.05,digitized_figure,-6.144567,derived_table7,"Schaefer & Fegley (2004), Fig. 10, panel a, p. 227","Schaefer & Fegley (2004), Table 7, p. 226"
tho,O,1900,-1.889,0.05,digitized_figure,-5.991107,derived_table7,"Schaefer & Fegley (2004), Fig. 10, panel a, p. 227","Schaefer & Fegley (2004), Table 7, p. 226"
tho,O,2000,-1.761,0.05,digitized_figure,-5.422642,derived_table7,"Schaefer & Fegley (2004), Fig. 10, panel a, p. 227","Schaefer & Fegley (2004), Table 7, p. 226"
tho,O,2125,-1.617,0.05,digitized_figure,-4.785075,derived_table7,"Schaefer & Fegley (2004), Fig. 10, panel a, p. 227","Schaefer & Fegley (2004), Table 7, p. 226"
tho,O,2250,-1.493,0.05,digitized_figure,-4.223525,derived_table7,"Schaefer & Fegley (2004), Fig. 10, panel a, p. 227","Schaefer & Fegley (2004), Table 7, p. 226"
tho,SiO,1750,-3.103,0.05,digitized_figure,-7.961315,derived_table7,"Schaefer & Fegley (2004), Fig. 10, panel a, p. 227","Schaefer & Fegley (2004), Table 7, p. 226"
tho,SiO,1875,-2.924,0.05,digitized_figure,-7.144048,derived_table7,"Schaefer & Fegley (2004), Fig. 10, panel a, p. 227","Schaefer & Fegley (2004), Table 7, p. 226"
tho,SiO,1900,-2.828,0.05,digitized_figure,-6.930137,derived_table7,"Schaefer & Fegley (2004), Fig. 10, panel a, p. 227","Schaefer & Fegley (2004), Table 7, p. 226"
tho,SiO,2000,-2.458,0.05,digitized_figure,-6.119119,derived_table7,"Schaefer & Fegley (2004), Fig. 10, panel a, p. 227","Schaefer & Fegley (2004), Table 7, p. 226"
tho,SiO,2125,-2.298,0.05,digitized_figure,-5.466894,derived_table7,"Schaefer & Fegley (2004), Fig. 10, panel a, p. 227","Schaefer & Fegley (2004), Table 7, p. 226"
tho,SiO,2250,-2.112,0.05,digitized_figure,-4.842408,derived_table7,"Schaefer & Fegley (2004), Fig. 10, panel a, p. 227","Schaefer & Fegley (2004), Table 7, p. 226"
tho,SiO,2375,-1.963,0.05,digitized_figure,-4.301750,derived_table7,"Schaefer & Fegley (2004), Fig. 10, panel a, p. 227","Schaefer & Fegley (2004), Table 7, p. 226"
tho,Fe,1750,-3.103,0.05,digitized_figure,-7.961315,derived_table7,"Schaefer & Fegley (2004), Fig. 10, panel a, p. 227","Schaefer & Fegley (2004), Table 7, p. 226"
tho,Fe,1875,-2.794,0.05,digitized_figure,-7.014537,derived_table7,"Schaefer & Fegley (2004), Fig. 10, panel a, p. 227","Schaefer & Fegley (2004), Table 7, p. 226"
tho,Fe,1900,-2.738,0.05,digitized_figure,-6.840786,derived_table7,"Schaefer & Fegley (2004), Fig. 10, panel a, p. 227","Schaefer & Fegley (2004), Table 7, p. 226"
tho,Fe,2000,-2.529,0.05,digitized_figure,-6.190459,derived_table7,"Schaefer & Fegley (2004), Fig. 10, panel a, p. 227","Schaefer & Fegley (2004), Table 7, p. 226"
tho,Fe,2125,-2.298,0.05,digitized_figure,-5.466894,derived_table7,"Schaefer & Fegley (2004), Fig. 10, panel a, p. 227","Schaefer & Fegley (2004), Table 7, p. 226"
tho,Fe,2250,-2.473,0.05,digitized_figure,-5.203406,derived_table7,"Schaefer & Fegley (2004), Fig. 10, panel a, p. 227","Schaefer & Fegley (2004), Table 7, p. 226"
tho,Fe,2375,-2.351,0.05,digitized_figure,-4.689675,derived_table7,"Schaefer & Fegley (2004), Fig. 10, panel a, p. 227","Schaefer & Fegley (2004), Table 7, p. 226"
tho,FeO,1750,-3.451,0.05,digitized_figure,-8.309720,derived_table7,"Schaefer & Fegley (2004), Fig. 10, panel a, p. 227","Schaefer & Fegley (2004), Table 7, p. 226"
tho,FeO,1875,-3.362,0.05,digitized_figure,-7.581909,derived_table7,"Schaefer & Fegley (2004), Fig. 10, panel a, p. 227","Schaefer & Fegley (2004), Table 7, p. 226"
tho,FeO,1900,-2.978,0.05,digitized_figure,-7.080326,derived_table7,"Schaefer & Fegley (2004), Fig. 10, panel a, p. 227","Schaefer & Fegley (2004), Table 7, p. 226"
tho,FeO,2000,-2.811,0.05,digitized_figure,-6.472603,derived_table7,"Schaefer & Fegley (2004), Fig. 10, panel a, p. 227","Schaefer & Fegley (2004), Table 7, p. 226"
tho,FeO,2125,-2.628,0.05,digitized_figure,-5.796359,derived_table7,"Schaefer & Fegley (2004), Fig. 10, panel a, p. 227","Schaefer & Fegley (2004), Table 7, p. 226"
tho,FeO,2250,-2.774,0.05,digitized_figure,-5.504178,derived_table7,"Schaefer & Fegley (2004), Fig. 10, panel a, p. 227","Schaefer & Fegley (2004), Table 7, p. 226"
tho,FeO,2375,-2.606,0.05,digitized_figure,-4.944448,derived_table7,"Schaefer & Fegley (2004), Fig. 10, panel a, p. 227","Schaefer & Fegley (2004), Table 7, p. 226"
tho,NaO,1750,-3.268,0.05,digitized_figure,-8.126225,derived_table7,"Schaefer & Fegley (2004), Fig. 10, panel a, p. 227","Schaefer & Fegley (2004), Table 7, p. 226"
tho,NaO,1875,-3.024,0.05,digitized_figure,-7.244689,derived_table7,"Schaefer & Fegley (2004), Fig. 10, panel a, p. 227","Schaefer & Fegley (2004), Table 7, p. 226"
tho,NaO,1900,-2.978,0.10,digitized_figure,-7.080326,derived_table7,"Schaefer & Fegley (2004), Fig. 10, panel a, p. 227","Schaefer & Fegley (2004), Table 7, p. 226"
tho,NaO,2000,-3.138,0.05,digitized_figure,-6.799230,derived_table7,"Schaefer & Fegley (2004), Fig. 10, panel a, p. 227","Schaefer & Fegley (2004), Table 7, p. 226"
tho,NaO,2125,-3.174,0.05,digitized_figure,-6.342896,derived_table7,"Schaefer & Fegley (2004), Fig. 10, panel a, p. 227","Schaefer & Fegley (2004), Table 7, p. 226"
tho,NaO,2250,-2.868,0.05,digitized_figure,-5.598033,derived_table7,"Schaefer & Fegley (2004), Fig. 10, panel a, p. 227","Schaefer & Fegley (2004), Table 7, p. 226"
tho,NaO,2375,-2.630,0.05,digitized_figure,-4.967819,derived_table7,"Schaefer & Fegley (2004), Fig. 10, panel a, p. 227","Schaefer & Fegley (2004), Table 7, p. 226"
tho,SiO2,1750,-4.383,0.05,digitized_figure,-9.241632,derived_table7,"Schaefer & Fegley (2004), Fig. 10, panel a, p. 227","Schaefer & Fegley (2004), Table 7, p. 226"
tho,SiO2,1875,-4.534,0.05,digitized_figure,-8.753800,derived_table7,"Schaefer & Fegley (2004), Fig. 10, panel a, p. 227","Schaefer & Fegley (2004), Table 7, p. 226"
tho,SiO2,1900,-3.809,0.05,digitized_figure,-7.911175,derived_table7,"Schaefer & Fegley (2004), Fig. 10, panel a, p. 227","Schaefer & Fegley (2004), Table 7, p. 226"
tho,SiO2,2000,-3.530,0.05,digitized_figure,-7.191171,derived_table7,"Schaefer & Fegley (2004), Fig. 10, panel a, p. 227","Schaefer & Fegley (2004), Table 7, p. 226"
tho,SiO2,2125,-3.642,0.05,digitized_figure,-6.810153,derived_table7,"Schaefer & Fegley (2004), Fig. 10, panel a, p. 227","Schaefer & Fegley (2004), Table 7, p. 226"
tho,SiO2,2250,-3.553,0.05,digitized_figure,-6.283577,derived_table7,"Schaefer & Fegley (2004), Fig. 10, panel a, p. 227","Schaefer & Fegley (2004), Table 7, p. 226"
tho,SiO2,2375,-3.327,0.05,digitized_figure,-5.664943,derived_table7,"Schaefer & Fegley (2004), Fig. 10, panel a, p. 227","Schaefer & Fegley (2004), Table 7, p. 226"
tho,K,1750,-3.887,0.05,digitized_figure,-8.745552,derived_table7,"Schaefer & Fegley (2004), Fig. 10, panel a, p. 227","Schaefer & Fegley (2004), Table 7, p. 226"
tho,K,1875,-3.820,0.05,digitized_figure,-8.039974,derived_table7,"Schaefer & Fegley (2004), Fig. 10, panel a, p. 227","Schaefer & Fegley (2004), Table 7, p. 226"
tho,K,1900,-3.809,0.05,digitized_figure,-7.911175,derived_table7,"Schaefer & Fegley (2004), Fig. 10, panel a, p. 227","Schaefer & Fegley (2004), Table 7, p. 226"
tho,K,2125,-3.718,0.05,digitized_figure,-6.886860,derived_table7,"Schaefer & Fegley (2004), Fig. 10, panel a, p. 227","Schaefer & Fegley (2004), Table 7, p. 226"
tho,K,2250,-3.683,0.05,digitized_figure,-6.413269,derived_table7,"Schaefer & Fegley (2004), Fig. 10, panel a, p. 227","Schaefer & Fegley (2004), Table 7, p. 226"
tho,K,2375,-3.400,0.05,digitized_figure,-5.738040,derived_table7,"Schaefer & Fegley (2004), Fig. 10, panel a, p. 227","Schaefer & Fegley (2004), Table 7, p. 226"
tho,e-,1875,-3.934,0.05,digitized_figure,-8.154059,derived_table7,"Schaefer & Fegley (2004), Fig. 10, panel a, p. 227","Schaefer & Fegley (2004), Table 7, p. 226"
tho,e-,2000,-3.763,0.05,digitized_figure,-7.424135,derived_table7,"Schaefer & Fegley (2004), Fig. 10, panel a, p. 227","Schaefer & Fegley (2004), Table 7, p. 226"
tho,e-,2125,-3.642,0.05,digitized_figure,-6.810153,derived_table7,"Schaefer & Fegley (2004), Fig. 10, panel a, p. 227","Schaefer & Fegley (2004), Table 7, p. 226"
tho,e-,2250,-3.507,0.05,digitized_figure,-6.237110,derived_table7,"Schaefer & Fegley (2004), Fig. 10, panel a, p. 227","Schaefer & Fegley (2004), Table 7, p. 226"
tho,e-,2375,-3.659,0.05,digitized_figure,-5.996981,derived_table7,"Schaefer & Fegley (2004), Fig. 10, panel a, p. 227","Schaefer & Fegley (2004), Table 7, p. 226"
tho,Na+,1750,-4.383,0.05,digitized_figure,-9.241632,derived_table7,"Schaefer & Fegley (2004), Fig. 10, panel a, p. 227","Schaefer & Fegley (2004), Table 7, p. 226"
tho,Na+,2125,-3.829,0.05,digitized_figure,-6.997279,derived_table7,"Schaefer & Fegley (2004), Fig. 10, panel a, p. 227","Schaefer & Fegley (2004), Table 7, p. 226"
tho,Na+,2250,-3.683,0.05,digitized_figure,-6.413269,derived_table7,"Schaefer & Fegley (2004), Fig. 10, panel a, p. 227","Schaefer & Fegley (2004), Table 7, p. 226"
tho,Na+,2375,-3.659,0.05,digitized_figure,-5.996981,derived_table7,"Schaefer & Fegley (2004), Fig. 10, panel a, p. 227","Schaefer & Fegley (2004), Table 7, p. 226"
tho,Mg,1875,-4.534,0.05,digitized_figure,-8.753800,derived_table7,"Schaefer & Fegley (2004), Fig. 10, panel a, p. 227","Schaefer & Fegley (2004), Table 7, p. 226"
tho,Mg,1900,-4.454,0.05,digitized_figure,-8.556752,derived_table7,"Schaefer & Fegley (2004), Fig. 10, panel a, p. 227","Schaefer & Fegley (2004), Table 7, p. 226"
tho,Mg,2000,-4.157,0.05,digitized_figure,-7.818118,derived_table7,"Schaefer & Fegley (2004), Fig. 10, panel a, p. 227","Schaefer & Fegley (2004), Table 7, p. 226"
tho,Mg,2125,-3.829,0.05,digitized_figure,-6.997279,derived_table7,"Schaefer & Fegley (2004), Fig. 10, panel a, p. 227","Schaefer & Fegley (2004), Table 7, p. 226"
tho,Mg,2250,-3.507,0.05,digitized_figure,-6.237110,derived_table7,"Schaefer & Fegley (2004), Fig. 10, panel a, p. 227","Schaefer & Fegley (2004), Table 7, p. 226"
tho,Mg,2375,-3.327,0.05,digitized_figure,-5.664943,derived_table7,"Schaefer & Fegley (2004), Fig. 10, panel a, p. 227","Schaefer & Fegley (2004), Table 7, p. 226"
tho,MgO,2250,-4.748,0.05,digitized_figure,-7.478335,derived_table7,"Schaefer & Fegley (2004), Fig. 10, panel a, p. 227","Schaefer & Fegley (2004), Table 7, p. 226"
aba,Na,1750,-0.197,0.05,digitized_figure,-4.645466,derived_table7,"Schaefer & Fegley (2004), Fig. 10, panel b, p. 227","Schaefer & Fegley (2004), Table 7, p. 226"
aba,Na,1875,-0.197,0.05,digitized_figure,-4.034533,derived_table7,"Schaefer & Fegley (2004), Fig. 10, panel b, p. 227","Schaefer & Fegley (2004), Table 7, p. 226"
aba,Na,1900,-0.197,0.05,digitized_figure,-3.921993,derived_table7,"Schaefer & Fegley (2004), Fig. 10, panel b, p. 227","Schaefer & Fegley (2004), Table 7, p. 226"
aba,Na,2000,-0.197,0.05,digitized_figure,-3.499120,derived_table7,"Schaefer & Fegley (2004), Fig. 10, panel b, p. 227","Schaefer & Fegley (2004), Table 7, p. 226"
aba,Na,2125,-0.201,0.05,digitized_figure,-3.031572,derived_table7,"Schaefer & Fegley (2004), Fig. 10, panel b, p. 227","Schaefer & Fegley (2004), Table 7, p. 226"
aba,Na,2250,-0.209,0.05,digitized_figure,-2.620199,derived_table7,"Schaefer & Fegley (2004), Fig. 10, panel b, p. 227","Schaefer & Fegley (2004), Table 7, p. 226"
aba,Na,2375,-0.216,0.05,digitized_figure,-2.252516,derived_table7,"Schaefer & Fegley (2004), Fig. 10, panel b, p. 227","Schaefer & Fegley (2004), Table 7, p. 226"
aba,O2,1750,-0.792,0.05,digitized_figure,-5.239729,derived_table7,"Schaefer & Fegley (2004), Fig. 10, panel b, p. 227","Schaefer & Fegley (2004), Table 7, p. 226"
aba,O2,1875,-0.795,0.05,digitized_figure,-4.632521,derived_table7,"Schaefer & Fegley (2004), Fig. 10, panel b, p. 227","Schaefer & Fegley (2004), Table 7, p. 226"
aba,O2,1900,-0.800,0.05,digitized_figure,-4.524723,derived_table7,"Schaefer & Fegley (2004), Fig. 10, panel b, p. 227","Schaefer & Fegley (2004), Table 7, p. 226"
aba,O2,2000,-0.805,0.05,digitized_figure,-4.107269,derived_table7,"Schaefer & Fegley (2004), Fig. 10, panel b, p. 227","Schaefer & Fegley (2004), Table 7, p. 226"
aba,O2,2125,-0.812,0.05,digitized_figure,-3.643044,derived_table7,"Schaefer & Fegley (2004), Fig. 10, panel b, p. 227","Schaefer & Fegley (2004), Table 7, p. 226"
aba,O2,2250,-0.820,0.05,digitized_figure,-3.231228,derived_table7,"Schaefer & Fegley (2004), Fig. 10, panel b, p. 227","Schaefer & Fegley (2004), Table 7, p. 226"
aba,O2,2375,-0.827,0.05,digitized_figure,-2.863545,derived_table7,"Schaefer & Fegley (2004), Fig. 10, panel b, p. 227","Schaefer & Fegley (2004), Table 7, p. 226"
aba,O,1750,-2.304,0.05,digitized_figure,-6.751687,derived_table7,"Schaefer & Fegley (2004), Fig. 10, panel b, p. 227","Schaefer & Fegley (2004), Table 7, p. 226"
aba,O,1875,-2.112,0.05,digitized_figure,-5.949142,derived_table7,"Schaefer & Fegley (2004), Fig. 10, panel b, p. 227","Schaefer & Fegley (2004), Table 7, p. 226"
aba,O,1900,-2.076,0.05,digitized_figure,-5.800940,derived_table7,"Schaefer & Fegley (2004), Fig. 10, panel b, p. 227","Schaefer & Fegley (2004), Table 7, p. 226"
aba,O,2000,-1.937,0.05,digitized_figure,-5.239907,derived_table7,"Schaefer & Fegley (2004), Fig. 10, panel b, p. 227","Schaefer & Fegley (2004), Table 7, p. 226"
aba,O,2125,-1.785,0.05,digitized_figure,-4.615917,derived_table7,"Schaefer & Fegley (2004), Fig. 10, panel b, p. 227","Schaefer & Fegley (2004), Table 7, p. 226"
aba,O,2250,-1.653,0.05,digitized_figure,-4.064956,derived_table7,"Schaefer & Fegley (2004), Fig. 10, panel b, p. 227","Schaefer & Fegley (2004), Table 7, p. 226"
aba,O,2375,-1.539,0.05,digitized_figure,-3.575613,derived_table7,"Schaefer & Fegley (2004), Fig. 10, panel b, p. 227","Schaefer & Fegley (2004), Table 7, p. 226"
aba,SiO,1750,-4.316,0.05,digitized_figure,-8.763574,derived_table7,"Schaefer & Fegley (2004), Fig. 10, panel b, p. 227","Schaefer & Fegley (2004), Table 7, p. 226"
aba,SiO,1875,-3.867,0.05,digitized_figure,-7.704429,derived_table7,"Schaefer & Fegley (2004), Fig. 10, panel b, p. 227","Schaefer & Fegley (2004), Table 7, p. 226"
aba,SiO,1900,-3.656,0.05,digitized_figure,-7.380086,derived_table7,"Schaefer & Fegley (2004), Fig. 10, panel b, p. 227","Schaefer & Fegley (2004), Table 7, p. 226"
aba,SiO,2000,-3.185,0.05,digitized_figure,-6.487423,derived_table7,"Schaefer & Fegley (2004), Fig. 10, panel b, p. 227","Schaefer & Fegley (2004), Table 7, p. 226"
aba,SiO,2125,-2.984,0.05,digitized_figure,-5.814732,derived_table7,"Schaefer & Fegley (2004), Fig. 10, panel b, p. 227","Schaefer & Fegley (2004), Table 7, p. 226"
aba,SiO,2250,-2.421,0.05,digitized_figure,-4.832637,derived_table7,"Schaefer & Fegley (2004), Fig. 10, panel b, p. 227","Schaefer & Fegley (2004), Table 7, p. 226"
aba,SiO,2375,-2.078,0.05,digitized_figure,-4.114053,derived_table7,"Schaefer & Fegley (2004), Fig. 10, panel b, p. 227","Schaefer & Fegley (2004), Table 7, p. 226"
aba,Fe,1750,-3.408,0.05,digitized_figure,-7.855938,derived_table7,"Schaefer & Fegley (2004), Fig. 10, panel b, p. 227","Schaefer & Fegley (2004), Table 7, p. 226"
aba,Fe,1875,-3.378,0.05,digitized_figure,-7.214996,derived_table7,"Schaefer & Fegley (2004), Fig. 10, panel b, p. 227","Schaefer & Fegley (2004), Table 7, p. 226"
aba,Fe,2000,-3.089,0.05,digitized_figure,-6.391617,derived_table7,"Schaefer & Fegley (2004), Fig. 10, panel b, p. 227","Schaefer & Fegley (2004), Table 7, p. 226"
aba,Fe,2250,-2.590,0.05,digitized_figure,-5.001418,derived_table7,"Schaefer & Fegley (2004), Fig. 10, panel b, p. 227","Schaefer & Fegley (2004), Table 7, p. 226"
aba,FeO,1750,-3.667,0.05,digitized_figure,-8.115323,derived_table7,"Schaefer & Fegley (2004), Fig. 10, panel b, p. 227","Schaefer & Fegley (2004), Table 7, p. 226"
aba,FeO,1875,-3.413,0.05,digitized_figure,-7.250327,derived_table7,"Schaefer & Fegley (2004), Fig. 10, panel b, p. 227","Schaefer & Fegley (2004), Table 7, p. 226"
aba,FeO,1900,-3.366,0.05,digitized_figure,-7.090061,derived_table7,"Schaefer & Fegley (2004), Fig. 10, panel b, p. 227","Schaefer & Fegley (2004), Table 7, p. 226"
aba,FeO,2000,-3.261,0.05,digitized_figure,-6.563491,derived_table7,"Schaefer & Fegley (2004), Fig. 10, panel b, p. 227","Schaefer & Fegley (2004), Table 7, p. 226"
aba,FeO,2125,-2.984,0.05,digitized_figure,-5.814732,derived_table7,"Schaefer & Fegley (2004), Fig. 10, panel b, p. 227","Schaefer & Fegley (2004), Table 7, p. 226"
aba,FeO,2250,-2.813,0.05,digitized_figure,-5.224965,derived_table7,"Schaefer & Fegley (2004), Fig. 10, panel b, p. 227","Schaefer & Fegley (2004), Table 7, p. 226"
aba,NaO,1900,-3.119,0.05,digitized_figure,-6.843853,derived_table7,"Schaefer & Fegley (2004), Fig. 10, panel b, p. 227","Schaefer & Fegley (2004), Table 7, p. 226"
aba,NaO,2000,-2.950,0.05,digitized_figure,-6.252699,derived_table7,"Schaefer & Fegley (2004), Fig. 10, panel b, p. 227","Schaefer & Fegley (2004), Table 7, p. 226"
aba,NaO,2125,-2.757,0.05,digitized_figure,-5.587459,derived_table7,"Schaefer & Fegley (2004), Fig. 10, panel b, p. 227","Schaefer & Fegley (2004), Table 7, p. 226"
aba,NaO,2250,-2.614,0.05,digitized_figure,-5.025192,derived_table7,"Schaefer & Fegley (2004), Fig. 10, panel b, p. 227","Schaefer & Fegley (2004), Table 7, p. 226"
aba,NaO,2375,-2.669,0.05,digitized_figure,-4.705234,derived_table7,"Schaefer & Fegley (2004), Fig. 10, panel b, p. 227","Schaefer & Fegley (2004), Table 7, p. 226"
aba,K,1750,-3.941,0.05,digitized_figure,-8.389434,derived_table7,"Schaefer & Fegley (2004), Fig. 10, panel b, p. 227","Schaefer & Fegley (2004), Table 7, p. 226"
aba,K,1875,-3.867,0.05,digitized_figure,-7.704429,derived_table7,"Schaefer & Fegley (2004), Fig. 10, panel b, p. 227","Schaefer & Fegley (2004), Table 7, p. 226"
aba,K,1900,-3.852,0.05,digitized_figure,-7.576139,derived_table7,"Schaefer & Fegley (2004), Fig. 10, panel b, p. 227","Schaefer & Fegley (2004), Table 7, p. 226"
aba,K,2000,-3.798,0.05,digitized_figure,-7.100935,derived_table7,"Schaefer & Fegley (2004), Fig. 10, panel b, p. 227","Schaefer & Fegley (2004), Table 7, p. 226"
aba,K,2250,-3.542,0.05,digitized_figure,-5.953250,derived_table7,"Schaefer & Fegley (2004), Fig. 10, panel b, p. 227","Schaefer & Fegley (2004), Table 7, p. 226"
aba,K,2375,-3.527,0.05,digitized_figure,-5.563552,derived_table7,"Schaefer & Fegley (2004), Fig. 10, panel b, p. 227","Schaefer & Fegley (2004), Table 7, p. 226"
aba,e-,1750,-4.316,0.05,digitized_figure,-8.763574,derived_table7,"Schaefer & Fegley (2004), Fig. 10, panel b, p. 227","Schaefer & Fegley (2004), Table 7, p. 226"
aba,e-,2125,-3.852,0.05,digitized_figure,-6.683283,derived_table7,"Schaefer & Fegley (2004), Fig. 10, panel b, p. 227","Schaefer & Fegley (2004), Table 7, p. 226"
aba,e-,2250,-3.432,0.05,digitized_figure,-5.843679,derived_table7,"Schaefer & Fegley (2004), Fig. 10, panel b, p. 227","Schaefer & Fegley (2004), Table 7, p. 226"
aba,e-,2375,-3.633,0.05,digitized_figure,-5.669059,derived_table7,"Schaefer & Fegley (2004), Fig. 10, panel b, p. 227","Schaefer & Fegley (2004), Table 7, p. 226"
aba,Na+,2000,-4.149,0.05,digitized_figure,-7.451159,derived_table7,"Schaefer & Fegley (2004), Fig. 10, panel b, p. 227","Schaefer & Fegley (2004), Table 7, p. 226"
aba,Na+,2250,-3.656,0.05,digitized_figure,-6.067363,derived_table7,"Schaefer & Fegley (2004), Fig. 10, panel b, p. 227","Schaefer & Fegley (2004), Table 7, p. 226"
aba,Na+,2375,-3.633,0.05,digitized_figure,-5.669059,derived_table7,"Schaefer & Fegley (2004), Fig. 10, panel b, p. 227","Schaefer & Fegley (2004), Table 7, p. 226"
aba,SiO2,1875,-4.573,0.05,digitized_figure,-8.410465,derived_table7,"Schaefer & Fegley (2004), Fig. 10, panel b, p. 227","Schaefer & Fegley (2004), Table 7, p. 226"
aba,SiO2,1900,-4.541,0.05,digitized_figure,-8.265364,derived_table7,"Schaefer & Fegley (2004), Fig. 10, panel b, p. 227","Schaefer & Fegley (2004), Table 7, p. 226"
aba,SiO2,2000,-4.217,0.05,digitized_figure,-7.519154,derived_table7,"Schaefer & Fegley (2004), Fig. 10, panel b, p. 227","Schaefer & Fegley (2004), Table 7, p. 226"
aba,SiO2,2125,-3.852,0.05,digitized_figure,-6.683283,derived_table7,"Schaefer & Fegley (2004), Fig. 10, panel b, p. 227","Schaefer & Fegley (2004), Table 7, p. 226"
aba,SiO2,2250,-3.542,0.05,digitized_figure,-5.953250,derived_table7,"Schaefer & Fegley (2004), Fig. 10, panel b, p. 227","Schaefer & Fegley (2004), Table 7, p. 226"
aba,SiO2,2375,-3.143,0.05,digitized_figure,-5.179119,derived_table7,"Schaefer & Fegley (2004), Fig. 10, panel b, p. 227","Schaefer & Fegley (2004), Table 7, p. 226"
aba,Mg,1875,-4.628,0.05,digitized_figure,-8.464932,derived_table7,"Schaefer & Fegley (2004), Fig. 10, panel b, p. 227","Schaefer & Fegley (2004), Table 7, p. 226"
aba,Mg,2000,-4.149,0.05,digitized_figure,-7.451159,derived_table7,"Schaefer & Fegley (2004), Fig. 10, panel b, p. 227","Schaefer & Fegley (2004), Table 7, p. 226"
aba,Mg,2250,-3.683,0.05,digitized_figure,-6.094181,derived_table7,"Schaefer & Fegley (2004), Fig. 10, panel b, p. 227","Schaefer & Fegley (2004), Table 7, p. 226"
aba,Mg,2375,-3.527,0.05,digitized_figure,-5.563552,derived_table7,"Schaefer & Fegley (2004), Fig. 10, panel b, p. 227","Schaefer & Fegley (2004), Table 7, p. 226"
aba,MgO,2250,-4.713,0.05,digitized_figure,-7.124670,derived_table7,"Schaefer & Fegley (2004), Fig. 10, panel b, p. 227","Schaefer & Fegley (2004), Table 7, p. 226"
kom,Na,1750,-0.196,0.05,digitized_figure,-5.089391,derived_table7,"Schaefer & Fegley (2004), Fig. 10, panel c, p. 227","Schaefer & Fegley (2004), Table 7, p. 226"
kom,Na,1875,-0.196,0.05,digitized_figure,-4.464476,derived_table7,"Schaefer & Fegley (2004), Fig. 10, panel c, p. 227","Schaefer & Fegley (2004), Table 7, p. 226"
kom,Na,1900,-0.196,0.05,digitized_figure,-4.349361,derived_table7,"Schaefer & Fegley (2004), Fig. 10, panel c, p. 227","Schaefer & Fegley (2004), Table 7, p. 226"
kom,Na,2000,-0.199,0.05,digitized_figure,-3.921404,derived_table7,"Schaefer & Fegley (2004), Fig. 10, panel c, p. 227","Schaefer & Fegley (2004), Table 7, p. 226"
kom,Na,2125,-0.211,0.05,digitized_figure,-3.450115,derived_table7,"Schaefer & Fegley (2004), Fig. 10, panel c, p. 227","Schaefer & Fegley (2004), Table 7, p. 226"
kom,Na,2250,-0.227,0.05,digitized_figure,-3.038024,derived_table7,"Schaefer & Fegley (2004), Fig. 10, panel c, p. 227","Schaefer & Fegley (2004), Table 7, p. 226"
kom,Na,2375,-0.248,0.05,digitized_figure,-2.674804,derived_table7,"Schaefer & Fegley (2004), Fig. 10, panel c, p. 227","Schaefer & Fegley (2004), Table 7, p. 226"
kom,O2,1750,-0.796,0.05,digitized_figure,-5.689465,derived_table7,"Schaefer & Fegley (2004), Fig. 10, panel c, p. 227","Schaefer & Fegley (2004), Table 7, p. 226"
kom,O2,1875,-0.806,0.05,digitized_figure,-5.075289,derived_table7,"Schaefer & Fegley (2004), Fig. 10, panel c, p. 227","Schaefer & Fegley (2004), Table 7, p. 226"
kom,O2,1900,-0.807,0.05,digitized_figure,-4.960617,derived_table7,"Schaefer & Fegley (2004), Fig. 10, panel c, p. 227","Schaefer & Fegley (2004), Table 7, p. 226"
kom,O2,2000,-0.814,0.05,digitized_figure,-4.536387,derived_table7,"Schaefer & Fegley (2004), Fig. 10, panel c, p. 227","Schaefer & Fegley (2004), Table 7, p. 226"
kom,O2,2125,-0.821,0.05,digitized_figure,-4.060217,derived_table7,"Schaefer & Fegley (2004), Fig. 10, panel c, p. 227","Schaefer & Fegley (2004), Table 7, p. 226"
kom,O2,2250,-0.826,0.05,digitized_figure,-3.636235,derived_table7,"Schaefer & Fegley (2004), Fig. 10, panel c, p. 227","Schaefer & Fegley (2004), Table 7, p. 226"
kom,O2,2375,-0.835,0.05,digitized_figure,-3.261834,derived_table7,"Schaefer & Fegley (2004), Fig. 10, panel c, p. 227","Schaefer & Fegley (2004), Table 7, p. 226"
kom,O,1750,-2.092,0.05,digitized_figure,-6.985367,derived_table7,"Schaefer & Fegley (2004), Fig. 10, panel c, p. 227","Schaefer & Fegley (2004), Table 7, p. 226"
kom,O,1875,-1.901,0.05,digitized_figure,-6.169657,derived_table7,"Schaefer & Fegley (2004), Fig. 10, panel c, p. 227","Schaefer & Fegley (2004), Table 7, p. 226"
kom,O,1900,-1.865,0.05,digitized_figure,-6.018690,derived_table7,"Schaefer & Fegley (2004), Fig. 10, panel c, p. 227","Schaefer & Fegley (2004), Table 7, p. 226"
kom,O,2000,-1.733,0.05,digitized_figure,-5.455473,derived_table7,"Schaefer & Fegley (2004), Fig. 10, panel c, p. 227","Schaefer & Fegley (2004), Table 7, p. 226"
kom,O,2125,-1.585,0.05,digitized_figure,-4.824997,derived_table7,"Schaefer & Fegley (2004), Fig. 10, panel c, p. 227","Schaefer & Fegley (2004), Table 7, p. 226"
kom,O,2250,-1.457,0.05,digitized_figure,-4.267991,derived_table7,"Schaefer & Fegley (2004), Fig. 10, panel c, p. 227","Schaefer & Fegley (2004), Table 7, p. 226"
kom,O,2375,-1.352,0.05,digitized_figure,-3.778894,derived_table7,"Schaefer & Fegley (2004), Fig. 10, panel c, p. 227","Schaefer & Fegley (2004), Table 7, p. 226"
kom,SiO,1875,-3.385,0.05,digitized_figure,-7.654088,derived_table7,"Schaefer & Fegley (2004), Fig. 10, panel c, p. 227","Schaefer & Fegley (2004), Table 7, p. 226"
kom,SiO,1900,-3.339,0.05,digitized_figure,-7.492520,derived_table7,"Schaefer & Fegley (2004), Fig. 10, panel c, p. 227","Schaefer & Fegley (2004), Table 7, p. 226"
kom,SiO,2000,-3.233,0.05,digitized_figure,-6.954643,derived_table7,"Schaefer & Fegley (2004), Fig. 10, panel c, p. 227","Schaefer & Fegley (2004), Table 7, p. 226"
kom,SiO,2125,-2.869,0.05,digitized_figure,-6.108564,derived_table7,"Schaefer & Fegley (2004), Fig. 10, panel c, p. 227","Schaefer & Fegley (2004), Table 7, p. 226"
kom,SiO,2250,-2.562,0.05,digitized_figure,-5.373097,derived_table7,"Schaefer & Fegley (2004), Fig. 10, panel c, p. 227","Schaefer & Fegley (2004), Table 7, p. 226"
kom,Fe,1750,-3.052,0.05,digitized_figure,-7.945759,derived_table7,"Schaefer & Fegley (2004), Fig. 10, panel c, p. 227","Schaefer & Fegley (2004), Table 7, p. 226"
kom,Fe,1875,-2.998,0.05,digitized_figure,-7.266462,derived_table7,"Schaefer & Fegley (2004), Fig. 10, panel c, p. 227","Schaefer & Fegley (2004), Table 7, p. 226"
kom,Fe,1900,-2.955,0.05,digitized_figure,-7.108314,derived_table7,"Schaefer & Fegley (2004), Fig. 10, panel c, p. 227","Schaefer & Fegley (2004), Table 7, p. 226"
kom,Fe,2000,-2.705,0.05,digitized_figure,-6.426994,derived_table7,"Schaefer & Fegley (2004), Fig. 10, panel c, p. 227","Schaefer & Fegley (2004), Table 7, p. 226"
kom,Fe,2250,-2.453,0.05,digitized_figure,-5.264162,derived_table7,"Schaefer & Fegley (2004), Fig. 10, panel c, p. 227","Schaefer & Fegley (2004), Table 7, p. 226"
kom,FeO,1750,-3.236,0.05,digitized_figure,-8.129609,derived_table7,"Schaefer & Fegley (2004), Fig. 10, panel c, p. 227","Schaefer & Fegley (2004), Table 7, p. 226"
kom,FeO,1875,-3.186,0.05,digitized_figure,-7.455065,derived_table7,"Schaefer & Fegley (2004), Fig. 10, panel c, p. 227","Schaefer & Fegley (2004), Table 7, p. 226"
kom,FeO,1900,-3.087,0.05,digitized_figure,-7.240714,derived_table7,"Schaefer & Fegley (2004), Fig. 10, panel c, p. 227","Schaefer & Fegley (2004), Table 7, p. 226"
kom,FeO,2000,-3.168,0.05,digitized_figure,-6.890095,derived_table7,"Schaefer & Fegley (2004), Fig. 10, panel c, p. 227","Schaefer & Fegley (2004), Table 7, p. 226"
kom,FeO,2125,-2.977,0.05,digitized_figure,-6.216119,derived_table7,"Schaefer & Fegley (2004), Fig. 10, panel c, p. 227","Schaefer & Fegley (2004), Table 7, p. 226"
kom,FeO,2250,-2.814,0.05,digitized_figure,-5.624342,derived_table7,"Schaefer & Fegley (2004), Fig. 10, panel c, p. 227","Schaefer & Fegley (2004), Table 7, p. 226"
kom,FeO,2375,-2.673,0.05,digitized_figure,-5.099640,derived_table7,"Schaefer & Fegley (2004), Fig. 10, panel c, p. 227","Schaefer & Fegley (2004), Table 7, p. 226"
kom,Mg,1750,-3.628,0.05,digitized_figure,-8.521438,derived_table7,"Schaefer & Fegley (2004), Fig. 10, panel c, p. 227","Schaefer & Fegley (2004), Table 7, p. 226"
kom,Mg,1875,-3.650,0.05,digitized_figure,-7.918673,derived_table7,"Schaefer & Fegley (2004), Fig. 10, panel c, p. 227","Schaefer & Fegley (2004), Table 7, p. 226"
kom,Mg,1900,-3.562,0.05,digitized_figure,-7.715674,derived_table7,"Schaefer & Fegley (2004), Fig. 10, panel c, p. 227","Schaefer & Fegley (2004), Table 7, p. 226"
kom,Mg,2125,-3.439,0.05,digitized_figure,-6.678692,derived_table7,"Schaefer & Fegley (2004), Fig. 10, panel c, p. 227","Schaefer & Fegley (2004), Table 7, p. 226"
kom,Mg,2375,-2.842,0.05,digitized_figure,-5.268915,derived_table7,"Schaefer & Fegley (2004), Fig. 10, panel c, p. 227","Schaefer & Fegley (2004), Table 7, p. 226"
kom,NaO,1750,-3.725,0.05,digitized_figure,-8.619022,derived_table7,"Schaefer & Fegley (2004), Fig. 10, panel c, p. 227","Schaefer & Fegley (2004), Table 7, p. 226"
kom,NaO,1875,-3.876,0.05,digitized_figure,-8.144719,derived_table7,"Schaefer & Fegley (2004), Fig. 10, panel c, p. 227","Schaefer & Fegley (2004), Table 7, p. 226"
kom,NaO,2000,-3.233,0.10,digitized_figure,-6.954643,derived_table7,"Schaefer & Fegley (2004), Fig. 10, panel c, p. 227","Schaefer & Fegley (2004), Table 7, p. 226"
kom,NaO,2125,-3.608,0.05,digitized_figure,-6.847082,derived_table7,"Schaefer & Fegley (2004), Fig. 10, panel c, p. 227","Schaefer & Fegley (2004), Table 7, p. 226"
kom,NaO,2375,-3.351,0.05,digitized_figure,-5.778003,derived_table7,"Schaefer & Fegley (2004), Fig. 10, panel c, p. 227","Schaefer & Fegley (2004), Table 7, p. 226"
kom,e-,1750,-4.121,0.05,digitized_figure,-9.015034,derived_table7,"Schaefer & Fegley (2004), Fig. 10, panel c, p. 227","Schaefer & Fegley (2004), Table 7, p. 226"
kom,e-,1875,-4.218,0.05,digitized_figure,-8.486661,derived_table7,"Schaefer & Fegley (2004), Fig. 10, panel c, p. 227","Schaefer & Fegley (2004), Table 7, p. 226"
kom,e-,1900,-4.133,0.05,digitized_figure,-8.287117,derived_table7,"Schaefer & Fegley (2004), Fig. 10, panel c, p. 227","Schaefer & Fegley (2004), Table 7, p. 226"
kom,e-,2125,-4.243,0.05,digitized_figure,-7.482914,derived_table7,"Schaefer & Fegley (2004), Fig. 10, panel c, p. 227","Schaefer & Fegley (2004), Table 7, p. 226"
kom,e-,2250,-3.688,0.05,digitized_figure,-6.498259,derived_table7,"Schaefer & Fegley (2004), Fig. 10, panel c, p. 227","Schaefer & Fegley (2004), Table 7, p. 226"
kom,e-,2375,-3.644,0.05,digitized_figure,-6.071104,derived_table7,"Schaefer & Fegley (2004), Fig. 10, panel c, p. 227","Schaefer & Fegley (2004), Table 7, p. 226"
kom,Na+,1900,-3.859,0.05,digitized_figure,-8.013170,derived_table7,"Schaefer & Fegley (2004), Fig. 10, panel c, p. 227","Schaefer & Fegley (2004), Table 7, p. 226"
kom,Na+,2125,-3.738,0.05,digitized_figure,-6.977882,derived_table7,"Schaefer & Fegley (2004), Fig. 10, panel c, p. 227","Schaefer & Fegley (2004), Table 7, p. 226"
kom,Na+,2250,-3.824,0.05,digitized_figure,-6.634744,derived_table7,"Schaefer & Fegley (2004), Fig. 10, panel c, p. 227","Schaefer & Fegley (2004), Table 7, p. 226"
kom,K,1750,-3.962,0.05,digitized_figure,-8.855387,derived_table7,"Schaefer & Fegley (2004), Fig. 10, panel c, p. 227","Schaefer & Fegley (2004), Table 7, p. 226"
kom,K,2125,-3.608,0.05,digitized_figure,-6.847082,derived_table7,"Schaefer & Fegley (2004), Fig. 10, panel c, p. 227","Schaefer & Fegley (2004), Table 7, p. 226"
kom,K,2375,-3.465,0.05,digitized_figure,-5.892031,derived_table7,"Schaefer & Fegley (2004), Fig. 10, panel c, p. 227","Schaefer & Fegley (2004), Table 7, p. 226"
kom,SiO2,1750,-4.678,0.05,digitized_figure,-9.571314,derived_table7,"Schaefer & Fegley (2004), Fig. 10, panel c, p. 227","Schaefer & Fegley (2004), Table 7, p. 226"
kom,SiO2,1900,-4.133,0.05,digitized_figure,-8.287117,derived_table7,"Schaefer & Fegley (2004), Fig. 10, panel c, p. 227","Schaefer & Fegley (2004), Table 7, p. 226"
kom,SiO2,2125,-3.738,0.05,digitized_figure,-6.977882,derived_table7,"Schaefer & Fegley (2004), Fig. 10, panel c, p. 227","Schaefer & Fegley (2004), Table 7, p. 226"
kom,SiO2,2250,-3.824,0.05,digitized_figure,-6.634744,derived_table7,"Schaefer & Fegley (2004), Fig. 10, panel c, p. 227","Schaefer & Fegley (2004), Table 7, p. 226"
kom,MgO,2125,-4.243,0.05,digitized_figure,-7.482914,derived_table7,"Schaefer & Fegley (2004), Fig. 10, panel c, p. 227","Schaefer & Fegley (2004), Table 7, p. 226"
kom,MgO,2250,-3.688,0.05,digitized_figure,-6.498259,derived_table7,"Schaefer & Fegley (2004), Fig. 10, panel c, p. 227","Schaefer & Fegley (2004), Table 7, p. 226"
kom,MgO,2375,-3.644,0.05,digitized_figure,-6.071104,derived_table7,"Schaefer & Fegley (2004), Fig. 10, panel c, p. 227","Schaefer & Fegley (2004), Table 7, p. 226"
dun,Na,1750,-0.195,0.05,digitized_figure,-4.561876,derived_table7,"Schaefer & Fegley (2004), Fig. 10, panel d, p. 227","Schaefer & Fegley (2004), Table 7, p. 226"
dun,Na,1875,-0.200,0.05,digitized_figure,-3.968430,derived_table7,"Schaefer & Fegley (2004), Fig. 10, panel d, p. 227","Schaefer & Fegley (2004), Table 7, p. 226"
dun,Na,1900,-0.200,0.05,digitized_figure,-3.858086,derived_table7,"Schaefer & Fegley (2004), Fig. 10, panel d, p. 227","Schaefer & Fegley (2004), Table 7, p. 226"
dun,Na,2000,-0.200,0.05,digitized_figure,-3.444297,derived_table7,"Schaefer & Fegley (2004), Fig. 10, panel d, p. 227","Schaefer & Fegley (2004), Table 7, p. 226"
dun,Na,2125,-0.204,0.05,digitized_figure,-2.985535,derived_table7,"Schaefer & Fegley (2004), Fig. 10, panel d, p. 227","Schaefer & Fegley (2004), Table 7, p. 226"
dun,Na,2250,-0.208,0.05,digitized_figure,-2.578160,derived_table7,"Schaefer & Fegley (2004), Fig. 10, panel d, p. 227","Schaefer & Fegley (2004), Table 7, p. 226"
dun,Na,2375,-0.215,0.05,digitized_figure,-2.217765,derived_table7,"Schaefer & Fegley (2004), Fig. 10, panel d, p. 227","Schaefer & Fegley (2004), Table 7, p. 226"
dun,O2,1750,-0.792,0.05,digitized_figure,-5.159057,derived_table7,"Schaefer & Fegley (2004), Fig. 10, panel d, p. 227","Schaefer & Fegley (2004), Table 7, p. 226"
dun,O2,1875,-0.796,0.05,digitized_figure,-4.563756,derived_table7,"Schaefer & Fegley (2004), Fig. 10, panel d, p. 227","Schaefer & Fegley (2004), Table 7, p. 226"
dun,O2,1900,-0.796,0.05,digitized_figure,-4.453413,derived_table7,"Schaefer & Fegley (2004), Fig. 10, panel d, p. 227","Schaefer & Fegley (2004), Table 7, p. 226"
dun,O2,2000,-0.799,0.05,digitized_figure,-4.043332,derived_table7,"Schaefer & Fegley (2004), Fig. 10, panel d, p. 227","Schaefer & Fegley (2004), Table 7, p. 226"
dun,O2,2125,-0.809,0.05,digitized_figure,-3.590135,derived_table7,"Schaefer & Fegley (2004), Fig. 10, panel d, p. 227","Schaefer & Fegley (2004), Table 7, p. 226"
dun,O2,2250,-0.819,0.05,digitized_figure,-3.189736,derived_table7,"Schaefer & Fegley (2004), Fig. 10, panel d, p. 227","Schaefer & Fegley (2004), Table 7, p. 226"
dun,O2,2375,-0.827,0.05,digitized_figure,-2.829783,derived_table7,"Schaefer & Fegley (2004), Fig. 10, panel d, p. 227","Schaefer & Fegley (2004), Table 7, p. 226"
dun,O,1750,-2.344,0.05,digitized_figure,-6.711115,derived_table7,"Schaefer & Fegley (2004), Fig. 10, panel d, p. 227","Schaefer & Fegley (2004), Table 7, p. 226"
dun,O,1875,-2.145,0.05,digitized_figure,-5.913568,derived_table7,"Schaefer & Fegley (2004), Fig. 10, panel d, p. 227","Schaefer & Fegley (2004), Table 7, p. 226"
dun,O,1900,-2.110,0.05,digitized_figure,-5.767481,derived_table7,"Schaefer & Fegley (2004), Fig. 10, panel d, p. 227","Schaefer & Fegley (2004), Table 7, p. 226"
dun,O,2000,-1.968,0.05,digitized_figure,-5.211730,derived_table7,"Schaefer & Fegley (2004), Fig. 10, panel d, p. 227","Schaefer & Fegley (2004), Table 7, p. 226"
dun,O,2125,-1.810,0.05,digitized_figure,-4.591618,derived_table7,"Schaefer & Fegley (2004), Fig. 10, panel d, p. 227","Schaefer & Fegley (2004), Table 7, p. 226"
dun,O,2250,-1.673,0.05,digitized_figure,-4.043735,derived_table7,"Schaefer & Fegley (2004), Fig. 10, panel d, p. 227","Schaefer & Fegley (2004), Table 7, p. 226"
dun,O,2375,-1.556,0.05,digitized_figure,-3.558640,derived_table7,"Schaefer & Fegley (2004), Fig. 10, panel d, p. 227","Schaefer & Fegley (2004), Table 7, p. 226"
dun,K,1750,-2.793,0.05,digitized_figure,-7.160170,derived_table7,"Schaefer & Fegley (2004), Fig. 10, panel d, p. 227","Schaefer & Fegley (2004), Table 7, p. 226"
dun,K,1875,-2.703,0.05,digitized_figure,-6.471296,derived_table7,"Schaefer & Fegley (2004), Fig. 10, panel d, p. 227","Schaefer & Fegley (2004), Table 7, p. 226"
dun,K,1900,-2.684,0.05,digitized_figure,-6.341395,derived_table7,"Schaefer & Fegley (2004), Fig. 10, panel d, p. 227","Schaefer & Fegley (2004), Table 7, p. 226"
dun,K,2000,-2.617,0.05,digitized_figure,-5.860840,derived_table7,"Schaefer & Fegley (2004), Fig. 10, panel d, p. 227","Schaefer & Fegley (2004), Table 7, p. 226"
dun,K,2125,-2.537,0.05,digitized_figure,-5.318621,derived_table7,"Schaefer & Fegley (2004), Fig. 10, panel d, p. 227","Schaefer & Fegley (2004), Table 7, p. 226"
dun,K,2250,-2.469,0.05,digitized_figure,-4.839253,derived_table7,"Schaefer & Fegley (2004), Fig. 10, panel d, p. 227","Schaefer & Fegley (2004), Table 7, p. 226"
dun,K,2375,-2.404,0.05,digitized_figure,-4.406192,derived_table7,"Schaefer & Fegley (2004), Fig. 10, panel d, p. 227","Schaefer & Fegley (2004), Table 7, p. 226"
dun,NaO,1875,-3.391,0.05,digitized_figure,-7.159371,derived_table7,"Schaefer & Fegley (2004), Fig. 10, panel d, p. 227","Schaefer & Fegley (2004), Table 7, p. 226"
dun,NaO,2000,-3.181,0.05,digitized_figure,-6.424638,derived_table7,"Schaefer & Fegley (2004), Fig. 10, panel d, p. 227","Schaefer & Fegley (2004), Table 7, p. 226"
dun,NaO,2125,-2.990,0.05,digitized_figure,-5.771585,derived_table7,"Schaefer & Fegley (2004), Fig. 10, panel d, p. 227","Schaefer & Fegley (2004), Table 7, p. 226"
dun,NaO,2250,-2.824,0.05,digitized_figure,-5.194293,derived_table7,"Schaefer & Fegley (2004), Fig. 10, panel d, p. 227","Schaefer & Fegley (2004), Table 7, p. 226"
dun,NaO,2375,-2.680,0.05,digitized_figure,-4.682528,derived_table7,"Schaefer & Fegley (2004), Fig. 10, panel d, p. 227","Schaefer & Fegley (2004), Table 7, p. 226"
dun,FeO,1750,-3.369,0.05,digitized_figure,-7.736144,derived_table7,"Schaefer & Fegley (2004), Fig. 10, panel d, p. 227","Schaefer & Fegley (2004), Table 7, p. 226"
dun,FeO,1900,-3.085,0.05,digitized_figure,-6.742795,derived_table7,"Schaefer & Fegley (2004), Fig. 10, panel d, p. 227","Schaefer & Fegley (2004), Table 7, p. 226"
dun,FeO,2000,-2.919,0.05,digitized_figure,-6.163139,derived_table7,"Schaefer & Fegley (2004), Fig. 10, panel d, p. 227","Schaefer & Fegley (2004), Table 7, p. 226"
dun,FeO,2125,-2.864,0.05,digitized_figure,-5.645434,derived_table7,"Schaefer & Fegley (2004), Fig. 10, panel d, p. 227","Schaefer & Fegley (2004), Table 7, p. 226"
dun,FeO,2250,-2.909,0.05,digitized_figure,-5.279805,derived_table7,"Schaefer & Fegley (2004), Fig. 10, panel d, p. 227","Schaefer & Fegley (2004), Table 7, p. 226"
dun,FeO,2375,-2.680,0.05,digitized_figure,-4.682528,derived_table7,"Schaefer & Fegley (2004), Fig. 10, panel d, p. 227","Schaefer & Fegley (2004), Table 7, p. 226"
dun,Fe,1875,-3.132,0.05,digitized_figure,-6.900552,derived_table7,"Schaefer & Fegley (2004), Fig. 10, panel d, p. 227","Schaefer & Fegley (2004), Table 7, p. 226"
dun,Fe,2000,-3.114,0.05,digitized_figure,-6.358210,derived_table7,"Schaefer & Fegley (2004), Fig. 10, panel d, p. 227","Schaefer & Fegley (2004), Table 7, p. 226"
dun,Fe,2125,-3.242,0.05,digitized_figure,-6.023369,derived_table7,"Schaefer & Fegley (2004), Fig. 10, panel d, p. 227","Schaefer & Fegley (2004), Table 7, p. 226"
dun,Fe,2250,-3.623,0.05,digitized_figure,-5.993890,derived_table7,"Schaefer & Fegley (2004), Fig. 10, panel d, p. 227","Schaefer & Fegley (2004), Table 7, p. 226"
dun,Fe,2375,-3.487,0.05,digitized_figure,-5.490121,derived_table7,"Schaefer & Fegley (2004), Fig. 10, panel d, p. 227","Schaefer & Fegley (2004), Table 7, p. 226"
dun,Mg,1750,-3.704,0.05,digitized_figure,-8.071484,derived_table7,"Schaefer & Fegley (2004), Fig. 10, panel d, p. 227","Schaefer & Fegley (2004), Table 7, p. 226"
dun,Mg,1875,-3.391,0.05,digitized_figure,-7.159371,derived_table7,"Schaefer & Fegley (2004), Fig. 10, panel d, p. 227","Schaefer & Fegley (2004), Table 7, p. 226"
dun,Mg,2000,-3.181,0.05,digitized_figure,-6.424638,derived_table7,"Schaefer & Fegley (2004), Fig. 10, panel d, p. 227","Schaefer & Fegley (2004), Table 7, p. 226"
dun,Mg,2125,-2.990,0.05,digitized_figure,-5.771585,derived_table7,"Schaefer & Fegley (2004), Fig. 10, panel d, p. 227","Schaefer & Fegley (2004), Table 7, p. 226"
dun,Mg,2250,-2.824,0.05,digitized_figure,-5.194293,derived_table7,"Schaefer & Fegley (2004), Fig. 10, panel d, p. 227","Schaefer & Fegley (2004), Table 7, p. 226"
dun,Mg,2375,-2.680,0.05,digitized_figure,-4.682528,derived_table7,"Schaefer & Fegley (2004), Fig. 10, panel d, p. 227","Schaefer & Fegley (2004), Table 7, p. 226"
dun,e-,1875,-4.053,0.05,digitized_figure,-7.820742,derived_table7,"Schaefer & Fegley (2004), Fig. 10, panel d, p. 227","Schaefer & Fegley (2004), Table 7, p. 226"
dun,e-,1900,-3.963,0.05,digitized_figure,-7.620759,derived_table7,"Schaefer & Fegley (2004), Fig. 10, panel d, p. 227","Schaefer & Fegley (2004), Table 7, p. 226"
dun,e-,2000,-3.949,0.05,digitized_figure,-7.192779,derived_table7,"Schaefer & Fegley (2004), Fig. 10, panel d, p. 227","Schaefer & Fegley (2004), Table 7, p. 226"
dun,e-,2125,-3.774,0.05,digitized_figure,-6.555639,derived_table7,"Schaefer & Fegley (2004), Fig. 10, panel d, p. 227","Schaefer & Fegley (2004), Table 7, p. 226"
dun,e-,2250,-3.623,0.05,digitized_figure,-5.993890,derived_table7,"Schaefer & Fegley (2004), Fig. 10, panel d, p. 227","Schaefer & Fegley (2004), Table 7, p. 226"
dun,e-,2375,-3.487,0.05,digitized_figure,-5.490121,derived_table7,"Schaefer & Fegley (2004), Fig. 10, panel d, p. 227","Schaefer & Fegley (2004), Table 7, p. 226"
dun,Na+,1875,-4.142,0.05,digitized_figure,-7.910465,derived_table7,"Schaefer & Fegley (2004), Fig. 10, panel d, p. 227","Schaefer & Fegley (2004), Table 7, p. 226"
dun,Na+,1900,-4.239,0.05,digitized_figure,-7.896962,derived_table7,"Schaefer & Fegley (2004), Fig. 10, panel d, p. 227","Schaefer & Fegley (2004), Table 7, p. 226"
dun,Na+,2000,-4.074,0.05,digitized_figure,-7.317848,derived_table7,"Schaefer & Fegley (2004), Fig. 10, panel d, p. 227","Schaefer & Fegley (2004), Table 7, p. 226"
dun,Na+,2125,-3.891,0.05,digitized_figure,-6.672479,derived_table7,"Schaefer & Fegley (2004), Fig. 10, panel d, p. 227","Schaefer & Fegley (2004), Table 7, p. 226"
dun,Na+,2250,-3.729,0.05,digitized_figure,-6.099032,derived_table7,"Schaefer & Fegley (2004), Fig. 10, panel d, p. 227","Schaefer & Fegley (2004), Table 7, p. 226"
dun,SiO,1875,-4.385,0.05,digitized_figure,-8.152777,derived_table7,"Schaefer & Fegley (2004), Fig. 10, panel d, p. 227","Schaefer & Fegley (2004), Table 7, p. 226"
dun,SiO,1900,-4.270,0.05,digitized_figure,-7.928005,derived_table7,"Schaefer & Fegley (2004), Fig. 10, panel d, p. 227","Schaefer & Fegley (2004), Table 7, p. 226"
dun,SiO,2000,-4.525,0.10,digitized_figure,-7.768781,derived_table7,"Schaefer & Fegley (2004), Fig. 10, panel d, p. 227","Schaefer & Fegley (2004), Table 7, p. 226"
dun,SiO,2125,-3.774,0.05,digitized_figure,-6.555639,derived_table7,"Schaefer & Fegley (2004), Fig. 10, panel d, p. 227","Schaefer & Fegley (2004), Table 7, p. 226"
dun,SiO,2250,-3.623,0.05,digitized_figure,-5.993890,derived_table7,"Schaefer & Fegley (2004), Fig. 10, panel d, p. 227","Schaefer & Fegley (2004), Table 7, p. 226"
dun,SiO,2375,-3.487,0.05,digitized_figure,-5.490121,derived_table7,"Schaefer & Fegley (2004), Fig. 10, panel d, p. 227","Schaefer & Fegley (2004), Table 7, p. 226"
dun,SiO2,1875,-4.681,0.05,digitized_figure,-8.448701,derived_table7,"Schaefer & Fegley (2004), Fig. 10, panel d, p. 227","Schaefer & Fegley (2004), Table 7, p. 226"
dun,SiO2,1900,-4.649,0.05,digitized_figure,-8.306564,derived_table7,"Schaefer & Fegley (2004), Fig. 10, panel d, p. 227","Schaefer & Fegley (2004), Table 7, p. 226"
dun,SiO2,2000,-4.705,0.05,digitized_figure,-7.949119,derived_table7,"Schaefer & Fegley (2004), Fig. 10, panel d, p. 227","Schaefer & Fegley (2004), Table 7, p. 226"
dun,SiO2,2250,-4.824,0.05,digitized_figure,-7.194096,derived_table7,"Schaefer & Fegley (2004), Fig. 10, panel d, p. 227","Schaefer & Fegley (2004), Table 7, p. 226"
dun,SiO2,2375,-4.603,0.05,digitized_figure,-6.605989,derived_table7,"Schaefer & Fegley (2004), Fig. 10, panel d, p. 227","Schaefer & Fegley (2004), Table 7, p. 226"
dun,MgO,1875,-4.283,0.05,digitized_figure,-8.050741,derived_table7,"Schaefer & Fegley (2004), Fig. 10, panel d, p. 227","Schaefer & Fegley (2004), Table 7, p. 226"
dun,MgO,1900,-4.270,0.05,digitized_figure,-7.928005,derived_table7,"Schaefer & Fegley (2004), Fig. 10, panel d, p. 227","Schaefer & Fegley (2004), Table 7, p. 226"
dun,MgO,2125,-3.891,0.05,digitized_figure,-6.672479,derived_table7,"Schaefer & Fegley (2004), Fig. 10, panel d, p. 227","Schaefer & Fegley (2004), Table 7, p. 226"
dun,K+,2250,-4.251,0.05,digitized_figure,-6.621628,derived_table7,"Schaefer & Fegley (2004), Fig. 10, panel d, p. 227","Schaefer & Fegley (2004), Table 7, p. 226"
dun,K+,2375,-4.139,0.05,digitized_figure,-6.141254,derived_table7,"Schaefer & Fegley (2004), Fig. 10, panel d, p. 227","Schaefer & Fegley (2004), Table 7, p. 226"
dun,KO,2250,-4.824,0.05,digitized_figure,-7.194096,derived_table7,"Schaefer & Fegley (2004), Fig. 10, panel d, p. 227","Schaefer & Fegley (2004), Table 7, p. 226"
dun,KO,2375,-4.743,0.05,digitized_figure,-6.745549,derived_table7,"Schaefer & Fegley (2004), Fig. 10, panel d, p. 227","Schaefer & Fegley (2004), Table 7, p. 226"
dun,Na2,2375,-4.743,0.05,digitized_figure,-6.745549,derived_table7,"Schaefer & Fegley (2004), Fig. 10, panel d, p. 227","Schaefer & Fegley (2004), Table 7, p. 226"
cai,Na,1750,-0.197,0.05,digitized_figure,-5.091744,derived_table7,"Schaefer & Fegley (2004), Fig. 10, panel e, p. 227","Schaefer & Fegley (2004), Table 7, p. 226"
cai,Na,1875,-0.197,0.05,digitized_figure,-4.506106,derived_table7,"Schaefer & Fegley (2004), Fig. 10, panel e, p. 227","Schaefer & Fegley (2004), Table 7, p. 226"
cai,Na,1900,-0.197,0.05,digitized_figure,-4.398225,derived_table7,"Schaefer & Fegley (2004), Fig. 10, panel e, p. 227","Schaefer & Fegley (2004), Table 7, p. 226"
cai,Na,2000,-0.201,0.05,digitized_figure,-3.997393,derived_table7,"Schaefer & Fegley (2004), Fig. 10, panel e, p. 227","Schaefer & Fegley (2004), Table 7, p. 226"
cai,Na,2125,-0.205,0.05,digitized_figure,-3.548966,derived_table7,"Schaefer & Fegley (2004), Fig. 10, panel e, p. 227","Schaefer & Fegley (2004), Table 7, p. 226"
cai,Na,2250,-0.216,0.05,digitized_figure,-3.158218,derived_table7,"Schaefer & Fegley (2004), Fig. 10, panel e, p. 227","Schaefer & Fegley (2004), Table 7, p. 226"
cai,Na,2375,-0.227,0.05,digitized_figure,-2.809777,derived_table7,"Schaefer & Fegley (2004), Fig. 10, panel e, p. 227","Schaefer & Fegley (2004), Table 7, p. 226"
cai,O2,1750,-0.796,0.05,digitized_figure,-5.690702,derived_table7,"Schaefer & Fegley (2004), Fig. 10, panel e, p. 227","Schaefer & Fegley (2004), Table 7, p. 226"
cai,O2,1875,-0.807,0.05,digitized_figure,-5.116225,derived_table7,"Schaefer & Fegley (2004), Fig. 10, panel e, p. 227","Schaefer & Fegley (2004), Table 7, p. 226"
cai,O2,1900,-0.807,0.05,digitized_figure,-5.008344,derived_table7,"Schaefer & Fegley (2004), Fig. 10, panel e, p. 227","Schaefer & Fegley (2004), Table 7, p. 226"
cai,O2,2000,-0.815,0.05,digitized_figure,-4.611232,derived_table7,"Schaefer & Fegley (2004), Fig. 10, panel e, p. 227","Schaefer & Fegley (2004), Table 7, p. 226"
cai,O2,2125,-0.830,0.05,digitized_figure,-4.174812,derived_table7,"Schaefer & Fegley (2004), Fig. 10, panel e, p. 227","Schaefer & Fegley (2004), Table 7, p. 226"
cai,O2,2250,-0.843,0.05,digitized_figure,-3.785078,derived_table7,"Schaefer & Fegley (2004), Fig. 10, panel e, p. 227","Schaefer & Fegley (2004), Table 7, p. 226"
cai,O2,2375,-0.863,0.05,digitized_figure,-3.445937,derived_table7,"Schaefer & Fegley (2004), Fig. 10, panel e, p. 227","Schaefer & Fegley (2004), Table 7, p. 226"
cai,O,1750,-2.085,0.05,digitized_figure,-6.979765,derived_table7,"Schaefer & Fegley (2004), Fig. 10, panel e, p. 227","Schaefer & Fegley (2004), Table 7, p. 226"
cai,O,1875,-1.887,0.05,digitized_figure,-6.196246,derived_table7,"Schaefer & Fegley (2004), Fig. 10, panel e, p. 227","Schaefer & Fegley (2004), Table 7, p. 226"
cai,O,1900,-1.852,0.05,digitized_figure,-6.052580,derived_table7,"Schaefer & Fegley (2004), Fig. 10, panel e, p. 227","Schaefer & Fegley (2004), Table 7, p. 226"
cai,O,2000,-1.708,0.05,digitized_figure,-5.504532,derived_table7,"Schaefer & Fegley (2004), Fig. 10, panel e, p. 227","Schaefer & Fegley (2004), Table 7, p. 226"
cai,O,2125,-1.549,0.05,digitized_figure,-4.893123,derived_table7,"Schaefer & Fegley (2004), Fig. 10, panel e, p. 227","Schaefer & Fegley (2004), Table 7, p. 226"
cai,O,2250,-1.410,0.05,digitized_figure,-4.351972,derived_table7,"Schaefer & Fegley (2004), Fig. 10, panel e, p. 227","Schaefer & Fegley (2004), Table 7, p. 226"
cai,O,2375,-1.288,0.05,digitized_figure,-3.870890,derived_table7,"Schaefer & Fegley (2004), Fig. 10, panel e, p. 227","Schaefer & Fegley (2004), Table 7, p. 226"
cai,SiO,1750,-3.631,0.05,digitized_figure,-8.525081,derived_table7,"Schaefer & Fegley (2004), Fig. 10, panel e, p. 227","Schaefer & Fegley (2004), Table 7, p. 226"
cai,SiO,1875,-3.397,0.05,digitized_figure,-7.705954,derived_table7,"Schaefer & Fegley (2004), Fig. 10, panel e, p. 227","Schaefer & Fegley (2004), Table 7, p. 226"
cai,SiO,1900,-3.354,0.05,digitized_figure,-7.554847,derived_table7,"Schaefer & Fegley (2004), Fig. 10, panel e, p. 227","Schaefer & Fegley (2004), Table 7, p. 226"
cai,SiO,2125,-2.713,0.05,digitized_figure,-6.057083,derived_table7,"Schaefer & Fegley (2004), Fig. 10, panel e, p. 227","Schaefer & Fegley (2004), Table 7, p. 226"
cai,SiO,2375,-1.903,0.05,digitized_figure,-4.486251,derived_table7,"Schaefer & Fegley (2004), Fig. 10, panel e, p. 227","Schaefer & Fegley (2004), Table 7, p. 226"
cai,Mg,2000,-3.744,0.05,digitized_figure,-7.540490,derived_table7,"Schaefer & Fegley (2004), Fig. 10, panel e, p. 227","Schaefer & Fegley (2004), Table 7, p. 226"
cai,Mg,2125,-3.340,0.05,digitized_figure,-6.684684,derived_table7,"Schaefer & Fegley (2004), Fig. 10, panel e, p. 227","Schaefer & Fegley (2004), Table 7, p. 226"
cai,Mg,2250,-2.865,0.05,digitized_figure,-5.807471,derived_table7,"Schaefer & Fegley (2004), Fig. 10, panel e, p. 227","Schaefer & Fegley (2004), Table 7, p. 226"
cai,NaO,1750,-3.631,0.05,digitized_figure,-8.525081,derived_table7,"Schaefer & Fegley (2004), Fig. 10, panel e, p. 227","Schaefer & Fegley (2004), Table 7, p. 226"
cai,NaO,1875,-3.656,0.05,digitized_figure,-7.965038,derived_table7,"Schaefer & Fegley (2004), Fig. 10, panel e, p. 227","Schaefer & Fegley (2004), Table 7, p. 226"
cai,NaO,2000,-3.630,0.05,digitized_figure,-7.426100,derived_table7,"Schaefer & Fegley (2004), Fig. 10, panel e, p. 227","Schaefer & Fegley (2004), Table 7, p. 226"
cai,NaO,2125,-3.563,0.05,digitized_figure,-6.907527,derived_table7,"Schaefer & Fegley (2004), Fig. 10, panel e, p. 227","Schaefer & Fegley (2004), Table 7, p. 226"
cai,NaO,2375,-2.854,0.05,digitized_figure,-5.436941,derived_table7,"Schaefer & Fegley (2004), Fig. 10, panel e, p. 227","Schaefer & Fegley (2004), Table 7, p. 226"
cai,FeO,1875,-4.219,0.05,digitized_figure,-8.527926,derived_table7,"Schaefer & Fegley (2004), Fig. 10, panel e, p. 227","Schaefer & Fegley (2004), Table 7, p. 226"
cai,FeO,1900,-4.168,0.05,digitized_figure,-8.368565,derived_table7,"Schaefer & Fegley (2004), Fig. 10, panel e, p. 227","Schaefer & Fegley (2004), Table 7, p. 226"
cai,FeO,2000,-4.310,0.05,digitized_figure,-8.106903,derived_table7,"Schaefer & Fegley (2004), Fig. 10, panel e, p. 227","Schaefer & Fegley (2004), Table 7, p. 226"
cai,FeO,2125,-4.249,0.05,digitized_figure,-7.592865,derived_table7,"Schaefer & Fegley (2004), Fig. 10, panel e, p. 227","Schaefer & Fegley (2004), Table 7, p. 226"
cai,FeO,2375,-3.717,0.05,digitized_figure,-6.300205,derived_table7,"Schaefer & Fegley (2004), Fig. 10, panel e, p. 227","Schaefer & Fegley (2004), Table 7, p. 226"
cai,Fe,1875,-3.691,0.05,digitized_figure,-8.000340,derived_table7,"Schaefer & Fegley (2004), Fig. 10, panel e, p. 227","Schaefer & Fegley (2004), Table 7, p. 226"
cai,Fe,2000,-3.968,0.05,digitized_figure,-7.764134,derived_table7,"Schaefer & Fegley (2004), Fig. 10, panel e, p. 227","Schaefer & Fegley (2004), Table 7, p. 226"
cai,Fe,2125,-3.747,0.05,digitized_figure,-7.091784,derived_table7,"Schaefer & Fegley (2004), Fig. 10, panel e, p. 227","Schaefer & Fegley (2004), Table 7, p. 226"
cai,Fe,2375,-3.382,0.05,digitized_figure,-5.964539,derived_table7,"Schaefer & Fegley (2004), Fig. 10, panel e, p. 227","Schaefer & Fegley (2004), Table 7, p. 226"
cai,e-,1750,-4.246,0.05,digitized_figure,-9.140222,derived_table7,"Schaefer & Fegley (2004), Fig. 10, panel e, p. 227","Schaefer & Fegley (2004), Table 7, p. 226"
cai,e-,1875,-4.074,0.05,digitized_figure,-8.383037,derived_table7,"Schaefer & Fegley (2004), Fig. 10, panel e, p. 227","Schaefer & Fegley (2004), Table 7, p. 226"
cai,e-,1900,-4.054,0.05,digitized_figure,-8.254961,derived_table7,"Schaefer & Fegley (2004), Fig. 10, panel e, p. 227","Schaefer & Fegley (2004), Table 7, p. 226"
cai,e-,2125,-3.873,0.05,digitized_figure,-7.217564,derived_table7,"Schaefer & Fegley (2004), Fig. 10, panel e, p. 227","Schaefer & Fegley (2004), Table 7, p. 226"
cai,e-,2375,-3.445,0.05,digitized_figure,-6.027783,derived_table7,"Schaefer & Fegley (2004), Fig. 10, panel e, p. 227","Schaefer & Fegley (2004), Table 7, p. 226"
cai,Na+,1750,-4.310,0.05,digitized_figure,-9.204467,derived_table7,"Schaefer & Fegley (2004), Fig. 10, panel e, p. 227","Schaefer & Fegley (2004), Table 7, p. 226"
cai,Na+,2125,-3.922,0.05,digitized_figure,-7.266160,derived_table7,"Schaefer & Fegley (2004), Fig. 10, panel e, p. 227","Schaefer & Fegley (2004), Table 7, p. 226"
cai,Na+,2375,-3.717,0.05,digitized_figure,-6.300205,derived_table7,"Schaefer & Fegley (2004), Fig. 10, panel e, p. 227","Schaefer & Fegley (2004), Table 7, p. 226"
cai,K,1750,-4.498,0.05,digitized_figure,-9.392339,derived_table7,"Schaefer & Fegley (2004), Fig. 10, panel e, p. 227","Schaefer & Fegley (2004), Table 7, p. 226"
cai,K,1900,-4.648,0.05,digitized_figure,-8.849490,derived_table7,"Schaefer & Fegley (2004), Fig. 10, panel e, p. 227","Schaefer & Fegley (2004), Table 7, p. 226"
cai,K,2000,-4.745,0.05,digitized_figure,-8.541664,derived_table7,"Schaefer & Fegley (2004), Fig. 10, panel e, p. 227","Schaefer & Fegley (2004), Table 7, p. 226"
cai,K,2125,-4.249,0.05,digitized_figure,-7.592865,derived_table7,"Schaefer & Fegley (2004), Fig. 10, panel e, p. 227","Schaefer & Fegley (2004), Table 7, p. 226"
cai,K,2375,-3.717,0.05,digitized_figure,-6.300205,derived_table7,"Schaefer & Fegley (2004), Fig. 10, panel e, p. 227","Schaefer & Fegley (2004), Table 7, p. 226"
cai,SiO2,2000,-4.745,0.05,digitized_figure,-8.541664,derived_table7,"Schaefer & Fegley (2004), Fig. 10, panel e, p. 227","Schaefer & Fegley (2004), Table 7, p. 226"
cai,SiO2,2375,-3.717,0.05,digitized_figure,-6.300205,derived_table7,"Schaefer & Fegley (2004), Fig. 10, panel e, p. 227","Schaefer & Fegley (2004), Table 7, p. 226"
cai,TiO2,2375,-4.725,0.05,digitized_figure,-7.307544,derived_table7,"Schaefer & Fegley (2004), Fig. 10, panel e, p. 227","Schaefer & Fegley (2004), Table 7, p. 226"
